model,chain,resi,resn,classification,severity,reason,z
2RH1,A,100,THR,core,INSPECT,polar residue in manually defined membrane core; may be functional,1.9240000247955322
2RH1,A,1014,ARG,core,WARNING,charged residue in manually defined membrane core; inspect local environment,13.142999649047852
2RH1,A,1016,LYS,core,WARNING,charged residue in manually defined membrane core; inspect local environment,9.32699966430664
2RH1,A,1018,TYR,core,INSPECT,polar residue in manually defined membrane core; may be functional,14.552000045776367
2RH1,A,103,ASN,core,INSPECT,polar residue in manually defined membrane core; may be functional,-3.1649999618530273
2RH1,A,1038,SER,core,INSPECT,polar residue in manually defined membrane core; may be functional,12.406000137329102
2RH1,A,1040,ASN,core,INSPECT,polar residue in manually defined membrane core; may be functional,7.664999961853027
2RH1,A,1043,LYS,core,WARNING,charged residue in manually defined membrane core; inspect local environment,7.546999931335449
2RH1,A,1044,SER,core,INSPECT,polar residue in manually defined membrane core; may be functional,6.931000232696533
2RH1,A,1045,GLU,core,WARNING,charged residue in manually defined membrane core; inspect local environment,9.836000442504883
2RH1,A,1047,ASP,core,WARNING,charged residue in manually defined membrane core; inspect local environment,5.1479997634887695
2RH1,A,1048,LYS,core,WARNING,charged residue in manually defined membrane core; inspect local environment,6.49399995803833
2RH1,A,1052,ARG,core,WARNING,charged residue in manually defined membrane core; inspect local environment,0.7300000190734863
2RH1,A,1053,ASN,core,INSPECT,polar residue in manually defined membrane core; may be functional,0.29899999499320984
2RH1,A,1054,THR,core,INSPECT,polar residue in manually defined membrane core; may be functional,2.552000045776367
2RH1,A,1055,ASN,core,INSPECT,polar residue in manually defined membrane core; may be functional,2.815000057220459
2RH1,A,1059,THR,core,INSPECT,polar residue in manually defined membrane core; may be functional,5.34499979019165
2RH1,A,1060,LYS,core,WARNING,charged residue in manually defined membrane core; inspect local environment,8.208000183105469
2RH1,A,1061,ASP,core,WARNING,charged residue in manually defined membrane core; inspect local environment,7.320000171661377
2RH1,A,1062,GLU,core,WARNING,charged residue in manually defined membrane core; inspect local environment,7.436999797821045
2RH1,A,1064,GLU,core,WARNING,charged residue in manually defined membrane core; inspect local environment,11.920000076293945
2RH1,A,1065,LYS,core,WARNING,charged residue in manually defined membrane core; inspect local environment,10.567999839782715
2RH1,A,107,GLU,core,WARNING,charged residue in manually defined membrane core; inspect local environment,-2.380000114440918
2RH1,A,110,THR,core,INSPECT,polar residue in manually defined membrane core; may be functional,1.190000057220459
2RH1,A,111,SER,core,INSPECT,polar residue in manually defined membrane core; may be functional,-1.3869999647140503
2RH1,A,113,ASP,core,WARNING,charged residue in manually defined membrane core; inspect local environment,2.9730000495910645
2RH1,A,118,THR,core,INSPECT,polar residue in manually defined membrane core; may be functional,3.0959999561309814
2RH1,A,120,SER,core,INSPECT,polar residue in manually defined membrane core; may be functional,4.531000137329102
2RH1,A,122,GLU,core,WARNING,charged residue in manually defined membrane core; inspect local environment,2.9760000705718994
2RH1,A,123,THR,core,INSPECT,polar residue in manually defined membrane core; may be functional,2.693000078201294
2RH1,A,130,ASP,core,WARNING,charged residue in manually defined membrane core; inspect local environment,2.993000030517578
2RH1,A,131,ARG,core,WARNING,charged residue in manually defined membrane core; inspect local environment,6.3420000076293945
2RH1,A,132,TYR,core,INSPECT,polar residue in manually defined membrane core; may be functional,7.091000080108643
2RH1,A,136,THR,core,INSPECT,polar residue in manually defined membrane core; may be functional,6.910999774932861
2RH1,A,137,SER,core,INSPECT,polar residue in manually defined membrane core; may be functional,3.6730000972747803
2RH1,A,140,LYS,core,WARNING,charged residue in manually defined membrane core; inspect local environment,5.288000106811523
2RH1,A,141,TYR,core,INSPECT,polar residue in manually defined membrane core; may be functional,5.382999897003174
2RH1,A,142,GLN,core,INSPECT,polar residue in manually defined membrane core; may be functional,1.6399999856948853
2RH1,A,143,SER,core,INSPECT,polar residue in manually defined membrane core; may be functional,0.41499999165534973
2RH1,A,146,THR,core,INSPECT,polar residue in manually defined membrane core; may be functional,-6.6539998054504395
2RH1,A,147,LYS,core,WARNING,charged residue in manually defined membrane core; inspect local environment,-6.686999797821045
2RH1,A,148,ASN,core,INSPECT,polar residue in manually defined membrane core; may be functional,-9.848999977111816
2RH1,A,149,LYS,core,WARNING,charged residue in manually defined membrane core; inspect local environment,-8.473999977111816
2RH1,A,151,ARG,core,WARNING,charged residue in manually defined membrane core; inspect local environment,-7.511000156402588
2RH1,A,161,SER,core,INSPECT,polar residue in manually defined membrane core; may be functional,-2.436000108718872
2RH1,A,164,THR,core,INSPECT,polar residue in manually defined membrane core; may be functional,-2.750999927520752
2RH1,A,165,SER,core,INSPECT,polar residue in manually defined membrane core; may be functional,-1.8320000171661377
2RH1,A,170,GLN,core,INSPECT,polar residue in manually defined membrane core; may be functional,-6.617000102996826
2RH1,A,172,HIS,core,INSPECT,polar residue in manually defined membrane core; may be functional,-4.373000144958496
2RH1,A,174,TYR,core,INSPECT,polar residue in manually defined membrane core; may be functional,0.6430000066757202
2RH1,A,175,ARG,core,WARNING,charged residue in manually defined membrane core; inspect local environment,0.984000027179718
2RH1,A,177,THR,core,INSPECT,polar residue in manually defined membrane core; may be functional,2.421999931335449
2RH1,A,178,HIS,core,INSPECT,polar residue in manually defined membrane core; may be functional,5.396999835968018
2RH1,A,179,GLN,core,INSPECT,polar residue in manually defined membrane core; may be functional,4.99399995803833
2RH1,A,180,GLU,core,WARNING,charged residue in manually defined membrane core; inspect local environment,7.2779998779296875
2RH1,A,183,ASN,core,INSPECT,polar residue in manually defined membrane core; may be functional,2.9579999446868896
2RH1,A,185,TYR,core,INSPECT,polar residue in manually defined membrane core; may be functional,0.289000004529953
2RH1,A,187,GLU,core,WARNING,charged residue in manually defined membrane core; inspect local environment,0.7129999995231628
2RH1,A,188,GLU,core,WARNING,charged residue in manually defined membrane core; inspect local environment,-0.7509999871253967
2RH1,A,189,THR,core,INSPECT,polar residue in manually defined membrane core; may be functional,2.6760001182556152
2RH1,A,192,ASP,core,WARNING,charged residue in manually defined membrane core; inspect local environment,6.741000175476074
2RH1,A,195,THR,core,INSPECT,polar residue in manually defined membrane core; may be functional,5.2779998779296875
2RH1,A,196,ASN,core,INSPECT,polar residue in manually defined membrane core; may be functional,4.995999813079834
2RH1,A,197,GLN,core,INSPECT,polar residue in manually defined membrane core; may be functional,7.446000099182129
2RH1,A,199,TYR,core,INSPECT,polar residue in manually defined membrane core; may be functional,3.5439999103546143
2RH1,A,203,SER,core,INSPECT,polar residue in manually defined membrane core; may be functional,3.747999906539917
2RH1,A,204,SER,core,INSPECT,polar residue in manually defined membrane core; may be functional,7.25
2RH1,A,207,SER,core,INSPECT,polar residue in manually defined membrane core; may be functional,3.9719998836517334
2RH1,A,209,TYR,core,INSPECT,polar residue in manually defined membrane core; may be functional,9.593000411987305
2RH1,A,219,TYR,core,INSPECT,polar residue in manually defined membrane core; may be functional,12.154000282287598
2RH1,A,221,ARG,core,WARNING,charged residue in manually defined membrane core; inspect local environment,13.506999969482422
2RH1,A,225,GLU,core,WARNING,charged residue in manually defined membrane core; inspect local environment,14.026000022888184
2RH1,A,267,LYS,core,WARNING,charged residue in manually defined membrane core; inspect local environment,14.350000381469727
2RH1,A,268,GLU,core,WARNING,charged residue in manually defined membrane core; inspect local environment,12.256999969482422
2RH1,A,274,THR,core,INSPECT,polar residue in manually defined membrane core; may be functional,14.487000465393066
2RH1,A,283,THR,core,INSPECT,polar residue in manually defined membrane core; may be functional,14.944999694824219
2RH1,A,293,ASN,core,INSPECT,polar residue in manually defined membrane core; may be functional,12.935999870300293
2RH1,A,312,ASN,core,INSPECT,polar residue in manually defined membrane core; may be functional,13.550999641418457
2RH1,A,316,TYR,core,INSPECT,polar residue in manually defined membrane core; may be functional,11.050000190734863
2RH1,A,318,ASN,core,INSPECT,polar residue in manually defined membrane core; may be functional,13.07800006866455
2RH1,A,319,SER,core,INSPECT,polar residue in manually defined membrane core; may be functional,9.640000343322754
2RH1,A,322,ASN,core,INSPECT,polar residue in manually defined membrane core; may be functional,11.380999565124512
2RH1,A,326,TYR,core,INSPECT,polar residue in manually defined membrane core; may be functional,11.883999824523926
2RH1,A,329,SER,core,INSPECT,polar residue in manually defined membrane core; may be functional,12.743000030517578
2RH1,A,331,ASP,core,WARNING,charged residue in manually defined membrane core; inspect local environment,8.854000091552734
2RH1,A,333,ARG,core,WARNING,charged residue in manually defined membrane core; inspect local environment,11.618000030517578
2RH1,A,337,GLN,core,INSPECT,polar residue in manually defined membrane core; may be functional,9.791999816894531
2RH1,A,338,GLU,core,WARNING,charged residue in manually defined membrane core; inspect local environment,6.410999774932861
2RH1,A,41,SER,core,INSPECT,polar residue in manually defined membrane core; may be functional,11.020000457763672
2RH1,A,51,ASN,core,INSPECT,polar residue in manually defined membrane core; may be functional,5.2729997634887695
2RH1,A,56,THR,core,INSPECT,polar residue in manually defined membrane core; may be functional,0.06700000166893005
2RH1,A,60,LYS,core,WARNING,charged residue in manually defined membrane core; inspect local environment,-2.322999954223633
2RH1,A,62,GLU,core,WARNING,charged residue in manually defined membrane core; inspect local environment,-2.2079999446868896
2RH1,A,63,ARG,core,WARNING,charged residue in manually defined membrane core; inspect local environment,1.2070000171661377
2RH1,A,65,GLN,core,INSPECT,polar residue in manually defined membrane core; may be functional,-1.3079999685287476
2RH1,A,66,THR,core,INSPECT,polar residue in manually defined membrane core; may be functional,-0.09000000357627869
2RH1,A,68,THR,core,INSPECT,polar residue in manually defined membrane core; may be functional,2.7360000610351562
2RH1,A,69,ASN,core,INSPECT,polar residue in manually defined membrane core; may be functional,2.1459999084472656
2RH1,A,70,TYR,core,INSPECT,polar residue in manually defined membrane core; may be functional,-1.1330000162124634
2RH1,A,73,THR,core,INSPECT,polar residue in manually defined membrane core; may be functional,0.6439999938011169
2RH1,A,74,SER,core,INSPECT,polar residue in manually defined membrane core; may be functional,-0.4090000092983246
2RH1,A,79,ASP,core,WARNING,charged residue in manually defined membrane core; inspect local environment,4.7829999923706055
2RH1,A,93,HIS,core,INSPECT,polar residue in manually defined membrane core; may be functional,8.079999923706055
2RH1,A,97,LYS,core,WARNING,charged residue in manually defined membrane core; inspect local environment,11.317000389099121
